timestamp_ms,block_number,last_variant,tx_count,warm_hits,cold_misses,warm_set_size,warm_hit_rate,scheduler_overhead_us,block_duration_ms,gc_young_delta_count,gc_old_delta_count,gc_young_delta_ms,gc_old_delta_ms,gc_total_delta_ms,gc_pause_ratio
1777044296562,1,HYBRID_FEE_LOCALITY,0,0,0,0,0.0000,0,0,0,0,0,0,0,0.0000
1777044297620,2,HYBRID_FEE_LOCALITY,0,0,0,0,0.0000,0,0,0,0,0,0,0,0.0000
1777044298220,3,HYBRID_FEE_LOCALITY,0,0,0,0,0.0000,0,0,0,0,0,0,0,0.0000
1777044298586,4,HYBRID_FEE_LOCALITY,0,0,0,0,0.0000,0,0,0,0,0,0,0,0.0000
1777044299562,5,HYBRID_FEE_LOCALITY,0,0,0,0,0.0000,0,0,0,0,0,0,0,0.0000
1777044299602,6,HYBRID_FEE_LOCALITY,0,0,0,0,0.0000,0,0,0,0,0,0,0,0.0000
1777044299905,7,HYBRID_FEE_LOCALITY,0,0,0,0,0.0000,0,0,0,0,0,0,0,0.0000
1777044300433,8,HYBRID_FEE_LOCALITY,0,0,0,0,0.0000,0,0,0,0,0,0,0,0.0000
1777044300923,9,HYBRID_FEE_LOCALITY,0,0,0,0,0.0000,0,0,0,0,0,0,0,0.0000
1777044301497,10,HYBRID_FEE_LOCALITY,0,0,0,0,0.0000,0,0,0,0,0,0,0,0.0000
1777044301727,11,HYBRID_FEE_LOCALITY,0,0,0,0,0.0000,0,0,0,0,0,0,0,0.0000
1777044302116,12,HYBRID_FEE_LOCALITY,0,0,0,0,0.0000,0,0,0,0,0,0,0,0.0000
1777044302645,13,HYBRID_FEE_LOCALITY,0,0,0,0,0.0000,0,0,0,0,0,0,0,0.0000
1777044303445,14,HYBRID_FEE_LOCALITY,2,0,0,1,0.0000,1906,26,0,0,0,0,0,0.0000
1777044303678,15,HYBRID_FEE_LOCALITY,2,0,0,1,0.0000,335,5,0,0,0,0,0,0.0000
1777044303760,16,HYBRID_FEE_LOCALITY,1,0,0,1,0.0000,182,3,0,0,0,0,0,0.0000
1777044304598,17,HYBRID_FEE_LOCALITY,3,0,0,1,0.0000,143,4,0,0,0,0,0,0.0000
1777044305254,18,HYBRID_FEE_LOCALITY,2,0,0,1,0.0000,106,2,0,0,0,0,0,0.0000
1777044305303,19,HYBRID_FEE_LOCALITY,1,0,0,1,0.0000,102,2,0,0,0,0,0,0.0000
1777044305533,20,HYBRID_FEE_LOCALITY,3,0,0,1,0.0000,119,2,0,0,0,0,0,0.0000
1777044305605,21,HYBRID_FEE_LOCALITY,1,0,0,1,0.0000,64,1,0,0,0,0,0,0.0000
1777044306125,22,HYBRID_FEE_LOCALITY,1,0,0,1,0.0000,58,1,0,0,0,0,0,0.0000
1777044306142,23,HYBRID_FEE_LOCALITY,2,0,0,1,0.0000,53,1,0,0,0,0,0,0.0000
1777044306739,24,HYBRID_FEE_LOCALITY,1,0,0,1,0.0000,51,1,0,0,0,0,0,0.0000
1777044306927,25,HYBRID_FEE_LOCALITY,4,0,0,1,0.0000,44,2,0,0,0,0,0,0.0000
1777044306971,26,HYBRID_FEE_LOCALITY,4,0,0,1,0.0000,32,1,0,0,0,0,0,0.0000
1777044307238,27,HYBRID_FEE_LOCALITY,1,0,0,1,0.0000,74,1,0,0,0,0,0,0.0000
1777044308003,28,HYBRID_FEE_LOCALITY,1,0,0,1,0.0000,21,0,0,0,0,0,0,0.0000
1777044309002,29,HYBRID_FEE_LOCALITY,1,0,0,1,0.0000,16,0,0,0,0,0,0,0.0000
1777044310002,30,HYBRID_FEE_LOCALITY,0,0,0,1,0.0000,0,0,0,0,0,0,0,0.0000
1777044311093,31,HYBRID_FEE_LOCALITY,0,0,0,1,0.0000,0,0,0,0,0,0,0,0.0000
1777044312002,32,HYBRID_FEE_LOCALITY,0,0,0,1,0.0000,0,0,0,0,0,0,0,0.0000
1777044313002,33,HYBRID_FEE_LOCALITY,0,0,0,1,0.0000,0,0,0,0,0,0,0,0.0000
1777044314001,34,HYBRID_FEE_LOCALITY,0,0,0,1,0.0000,0,0,0,0,0,0,0,0.0000
1777044315269,35,HYBRID_FEE_LOCALITY,0,0,0,1,0.0000,0,0,0,0,0,0,0,0.0000
1777044316258,36,HYBRID_FEE_LOCALITY,22,0,46,31,0.0000,413,255,0,0,0,0,0,0.0000
1777044317525,37,HYBRID_FEE_LOCALITY,57,840,791,61,0.5150,21832,431,1,0,29,0,29,0.0673
1777044318639,38,HYBRID_FEE_LOCALITY,59,3193,0,61,1.0000,7538,447,0,0,0,0,0,0.0000
1777044319501,39,HYBRID_FEE_LOCALITY,56,4636,0,60,1.0000,10160,301,0,0,0,0,0,0.0000
1777044320703,40,HYBRID_FEE_LOCALITY,54,6129,0,60,1.0000,11043,417,1,0,20,0,20,0.0480
1777044322221,41,HYBRID_FEE_LOCALITY,71,8395,0,60,1.0000,16923,394,1,0,15,0,15,0.0381
1777044323522,42,HYBRID_FEE_LOCALITY,54,10248,0,60,1.0000,17932,389,1,0,17,0,17,0.0437
1777044324606,43,HYBRID_FEE_LOCALITY,64,11839,0,60,1.0000,19722,385,1,0,7,0,7,0.0182
1777044325780,44,HYBRID_FEE_LOCALITY,60,13398,0,60,1.0000,22903,494,1,0,9,0,9,0.0182
1777044327132,45,HYBRID_FEE_LOCALITY,56,15367,0,60,1.0000,26574,440,2,0,28,0,28,0.0636
1777044328288,46,HYBRID_FEE_LOCALITY,66,16983,0,60,1.0000,49185,468,1,0,12,0,12,0.0256
1777044330957,47,HYBRID_FEE_LOCALITY,57,20873,0,60,1.0000,32691,448,2,0,25,0,25,0.0558
1777044332646,48,HYBRID_FEE_LOCALITY,65,23255,0,60,1.0000,32111,641,1,0,7,0,7,0.0109
1777044333914,49,HYBRID_FEE_LOCALITY,55,25221,0,60,1.0000,32113,426,0,0,0,0,0,0.0000
1777044335362,50,HYBRID_FEE_LOCALITY,64,27052,0,60,1.0000,36711,721,1,0,7,0,7,0.0097
1777044336849,51,HYBRID_FEE_LOCALITY,60,29327,0,60,1.0000,50542,468,1,0,5,0,5,0.0107
1777044339015,52,HYBRID_FEE_LOCALITY,64,23595,0,60,1.0000,29315,1317,1,0,9,0,9,0.0068
1777044341149,53,HYBRID_FEE_LOCALITY,47,8237,0,60,1.0000,12479,518,1,0,17,0,17,0.0328
1777044342524,54,HYBRID_FEE_LOCALITY,55,2515,0,60,1.0000,4851,451,1,0,34,0,34,0.0754
1777044343851,55,HYBRID_FEE_LOCALITY,28,921,0,60,1.0000,1180,244,0,0,0,0,0,0.0000
1777044344449,56,HYBRID_FEE_LOCALITY,17,861,0,60,1.0000,1507,136,1,0,18,0,18,0.1324
1777044344789,57,HYBRID_FEE_LOCALITY,6,815,22,58,0.9737,2567,69,0,0,0,0,0,0.0000
1777044345717,58,HYBRID_FEE_LOCALITY,1,810,21,58,0.9747,2594,17,0,0,0,0,0,0.0000
1777044345952,59,HYBRID_FEE_LOCALITY,0,797,33,58,0.9602,2523,7,0,0,0,0,0,0.0000
1777044346399,60,HYBRID_FEE_LOCALITY,0,814,16,56,0.9807,1608,6,0,0,0,0,0,0.0000
1777044346541,61,HYBRID_FEE_LOCALITY,0,795,35,56,0.9578,2317,7,0,0,0,0,0,0.0000
1777044346708,62,HYBRID_FEE_LOCALITY,1,785,45,56,0.9458,3436,20,0,0,0,0,0,0.0000
1777044346759,63,HYBRID_FEE_LOCALITY,0,733,97,52,0.8831,4021,18,0,0,0,0,0,0.0000
1777044347315,64,HYBRID_FEE_LOCALITY,0,581,249,44,0.7000,4871,13,0,0,0,0,0,0.0000
1777044347690,65,HYBRID_FEE_LOCALITY,0,584,246,40,0.7036,4675,11,0,0,0,0,0,0.0000
1777044348401,66,HYBRID_FEE_LOCALITY,0,471,359,36,0.5675,4753,10,0,0,0,0,0,0.0000
1777044348724,67,HYBRID_FEE_LOCALITY,0,385,445,32,0.4639,4083,9,0,0,0,0,0,0.0000
1777044349170,68,HYBRID_FEE_LOCALITY,0,520,310,32,0.6265,3736,8,0,0,0,0,0,0.0000
1777044349431,69,HYBRID_FEE_LOCALITY,0,294,536,28,0.3542,2641,6,0,0,0,0,0,0.0000
1777044350075,70,HYBRID_FEE_LOCALITY,0,283,547,24,0.3410,3732,9,0,0,0,0,0,0.0000
1777044351010,71,HYBRID_FEE_LOCALITY,0,419,411,24,0.5048,2703,7,0,0,0,0,0,0.0000
1777044352011,72,HYBRID_FEE_LOCALITY,0,334,496,18,0.4024,3922,9,0,0,0,0,0,0.0000
1777044353007,73,HYBRID_FEE_LOCALITY,0,99,731,12,0.1193,2151,6,0,0,0,0,0,0.0000
1777044354010,74,HYBRID_FEE_LOCALITY,0,205,625,10,0.2470,2305,7,0,0,0,0,0,0.0000
1777044355012,75,HYBRID_FEE_LOCALITY,0,93,737,6,0.1120,3769,10,0,0,0,0,0,0.0000
1777044356010,76,HYBRID_FEE_LOCALITY,0,81,749,6,0.0976,2726,8,0,0,0,0,0,0.0000
1777044357007,77,HYBRID_FEE_LOCALITY,0,5,825,2,0.0060,835,5,0,0,0,0,0,0.0000
1777044358009,78,HYBRID_FEE_LOCALITY,0,27,803,2,0.0325,1668,7,0,0,0,0,0,0.0000
1777044359008,79,HYBRID_FEE_LOCALITY,0,0,830,0,0.0000,1260,6,0,0,0,0,0,0.0000
1777044360018,80,HYBRID_FEE_LOCALITY,0,0,830,0,0.0000,1485,6,0,0,0,0,0,0.0000
1777044361008,81,HYBRID_FEE_LOCALITY,0,0,830,0,0.0000,1021,5,0,0,0,0,0,0.0000
1777044362008,82,HYBRID_FEE_LOCALITY,0,0,830,0,0.0000,1312,7,0,0,0,0,0,0.0000
1777044363007,83,HYBRID_FEE_LOCALITY,0,0,830,0,0.0000,1075,5,0,0,0,0,0,0.0000
1777044364011,84,HYBRID_FEE_LOCALITY,0,0,830,0,0.0000,2207,9,0,0,0,0,0,0.0000
1777044365009,85,HYBRID_FEE_LOCALITY,0,0,830,0,0.0000,1509,7,0,0,0,0,0,0.0000
1777044366008,86,HYBRID_FEE_LOCALITY,0,0,830,0,0.0000,1125,5,0,0,0,0,0,0.0000
1777044367009,87,HYBRID_FEE_LOCALITY,0,0,830,0,0.0000,1125,6,0,0,0,0,0,0.0000
1777044368008,88,HYBRID_FEE_LOCALITY,0,0,830,0,0.0000,1471,5,0,0,0,0,0,0.0000
1777044369008,89,HYBRID_FEE_LOCALITY,0,0,830,0,0.0000,1290,6,0,0,0,0,0,0.0000
1777044370010,90,HYBRID_FEE_LOCALITY,0,0,830,0,0.0000,1563,7,0,0,0,0,0,0.0000
1777044371011,91,HYBRID_FEE_LOCALITY,0,0,830,0,0.0000,2034,8,0,0,0,0,0,0.0000
1777044372013,92,HYBRID_FEE_LOCALITY,0,0,830,0,0.0000,1534,7,0,0,0,0,0,0.0000
1777044373300,93,HYBRID_FEE_LOCALITY,0,0,830,0,0.0000,1545,12,0,0,0,0,0,0.0000
1777044374008,94,HYBRID_FEE_LOCALITY,0,0,830,0,0.0000,1053,5,0,0,0,0,0,0.0000
1777044375009,95,HYBRID_FEE_LOCALITY,0,0,830,0,0.0000,1473,7,0,0,0,0,0,0.0000
1777044376010,96,HYBRID_FEE_LOCALITY,0,0,830,0,0.0000,2065,7,0,0,0,0,0,0.0000
1777044377011,97,HYBRID_FEE_LOCALITY,0,0,830,0,0.0000,1986,8,0,0,0,0,0,0.0000
1777044378009,98,HYBRID_FEE_LOCALITY,0,0,830,0,0.0000,1257,5,0,0,0,0,0,0.0000
1777044379117,99,HYBRID_FEE_LOCALITY,0,0,830,0,0.0000,1601,8,0,0,0,0,0,0.0000
1777044380015,100,HYBRID_FEE_LOCALITY,0,0,830,0,0.0000,1494,6,0,0,0,0,0,0.0000
1777044381010,101,HYBRID_FEE_LOCALITY,0,0,830,0,0.0000,1635,7,0,0,0,0,0,0.0000
1777044382015,102,HYBRID_FEE_LOCALITY,0,0,830,0,0.0000,1605,8,0,0,0,0,0,0.0000
1777044383008,103,HYBRID_FEE_LOCALITY,0,0,830,0,0.0000,1141,5,0,0,0,0,0,0.0000
1777044384338,104,HYBRID_FEE_LOCALITY,0,0,830,0,0.0000,1258,6,0,0,0,0,0,0.0000
1777044385049,105,HYBRID_FEE_LOCALITY,0,0,830,0,0.0000,1595,8,0,0,0,0,0,0.0000
1777044386010,106,HYBRID_FEE_LOCALITY,0,0,830,0,0.0000,1670,7,0,0,0,0,0,0.0000
1777044387009,107,HYBRID_FEE_LOCALITY,0,0,830,0,0.0000,1366,6,0,0,0,0,0,0.0000
1777044388009,108,HYBRID_FEE_LOCALITY,0,0,830,0,0.0000,1560,7,0,0,0,0,0,0.0000
1777044389008,109,HYBRID_FEE_LOCALITY,0,0,830,0,0.0000,1316,6,0,0,0,0,0,0.0000
1777044390009,110,HYBRID_FEE_LOCALITY,0,0,830,0,0.0000,1518,7,0,0,0,0,0,0.0000
1777044391005,111,HYBRID_FEE_LOCALITY,0,0,361,0,0.0000,667,3,0,0,0,0,0,0.0000
1777044392006,112,HYBRID_FEE_LOCALITY,0,0,182,0,0.0000,415,2,0,0,0,0,0,0.0000
1777044393005,113,HYBRID_FEE_LOCALITY,0,0,142,0,0.0000,282,1,0,0,0,0,0,0.0000
1777044394004,114,HYBRID_FEE_LOCALITY,0,0,90,0,0.0000,151,1,0,0,0,0,0,0.0000
1777044395005,115,HYBRID_FEE_LOCALITY,0,0,216,0,0.0000,378,2,0,0,0,0,0,0.0000
1777044396004,116,HYBRID_FEE_LOCALITY,0,0,240,0,0.0000,293,2,0,0,0,0,0,0.0000
1777044397008,117,HYBRID_FEE_LOCALITY,0,0,269,0,0.0000,350,3,0,0,0,0,0,0.0000
1777044398006,118,HYBRID_FEE_LOCALITY,0,0,297,0,0.0000,479,3,0,0,0,0,0,0.0000
1777044399093,119,HYBRID_FEE_LOCALITY,0,0,322,0,0.0000,559,3,0,0,0,0,0,0.0000
1777044400004,120,HYBRID_FEE_LOCALITY,0,0,343,0,0.0000,424,2,0,0,0,0,0,0.0000
1777044401005,121,HYBRID_FEE_LOCALITY,0,0,368,0,0.0000,661,3,0,0,0,0,0,0.0000
1777044402081,122,HYBRID_FEE_LOCALITY,0,0,394,0,0.0000,587,3,0,0,0,0,0,0.0000
1777044403006,123,HYBRID_FEE_LOCALITY,0,0,416,0,0.0000,534,3,0,0,0,0,0,0.0000
1777044404006,124,HYBRID_FEE_LOCALITY,0,0,434,0,0.0000,516,2,0,0,0,0,0,0.0000
1777044405006,125,HYBRID_FEE_LOCALITY,0,0,456,0,0.0000,535,2,0,0,0,0,0,0.0000
1777044406005,126,HYBRID_FEE_LOCALITY,0,0,475,0,0.0000,831,3,0,0,0,0,0,0.0000
1777044407007,127,HYBRID_FEE_LOCALITY,0,0,495,0,0.0000,961,4,0,0,0,0,0,0.0000
1777044408007,128,HYBRID_FEE_LOCALITY,0,0,513,0,0.0000,1036,4,0,0,0,0,0,0.0000
1777044409006,129,HYBRID_FEE_LOCALITY,0,0,533,0,0.0000,623,3,0,0,0,0,0,0.0000
1777044410007,130,HYBRID_FEE_LOCALITY,0,0,561,0,0.0000,1466,4,0,0,0,0,0,0.0000
1777044411232,131,HYBRID_FEE_LOCALITY,0,0,626,0,0.0000,1216,15,0,0,0,0,0,0.0000
1777044412007,132,HYBRID_FEE_LOCALITY,0,0,641,0,0.0000,961,5,0,0,0,0,0,0.0000
1777044413009,133,HYBRID_FEE_LOCALITY,0,0,664,0,0.0000,1033,7,0,0,0,0,0,0.0000
1777044414009,134,HYBRID_FEE_LOCALITY,0,0,682,0,0.0000,1322,7,0,0,0,0,0,0.0000
1777044415007,135,HYBRID_FEE_LOCALITY,0,0,699,0,0.0000,990,6,0,0,0,0,0,0.0000
1777044416011,136,HYBRID_FEE_LOCALITY,0,0,716,0,0.0000,1935,8,0,0,0,0,0,0.0000
1777044417005,137,HYBRID_FEE_LOCALITY,0,0,302,0,0.0000,567,3,0,0,0,0,0,0.0000
1777044418004,138,HYBRID_FEE_LOCALITY,0,0,136,0,0.0000,246,1,0,0,0,0,0,0.0000
1777044419004,139,HYBRID_FEE_LOCALITY,0,0,70,0,0.0000,102,1,0,0,0,0,0,0.0000
1777044420006,140,HYBRID_FEE_LOCALITY,0,0,40,0,0.0000,82,2,0,0,0,0,0,0.0000
1777044421665,141,HYBRID_FEE_LOCALITY,0,0,168,0,0.0000,307,3,0,0,0,0,0,0.0000
1777044422005,142,HYBRID_FEE_LOCALITY,0,0,172,0,0.0000,292,2,0,0,0,0,0,0.0000
1777044423005,143,HYBRID_FEE_LOCALITY,0,0,188,0,0.0000,336,2,0,0,0,0,0,0.0000
1777044424006,144,HYBRID_FEE_LOCALITY,0,0,207,0,0.0000,364,2,0,0,0,0,0,0.0000
1777044425005,145,HYBRID_FEE_LOCALITY,0,0,217,0,0.0000,418,2,0,0,0,0,0,0.0000
1777044426063,146,HYBRID_FEE_LOCALITY,0,0,234,0,0.0000,445,2,0,0,0,0,0,0.0000
1777044427004,147,HYBRID_FEE_LOCALITY,0,0,251,0,0.0000,479,2,0,0,0,0,0,0.0000
1777044428005,148,HYBRID_FEE_LOCALITY,0,0,262,0,0.0000,467,3,0,0,0,0,0,0.0000
1777044429882,149,HYBRID_FEE_LOCALITY,0,0,291,0,0.0000,592,3,0,0,0,0,0,0.0000
1777044430006,150,HYBRID_FEE_LOCALITY,0,0,294,0,0.0000,534,3,0,0,0,0,0,0.0000
1777044431588,151,HYBRID_FEE_LOCALITY,0,0,315,0,0.0000,783,5,0,0,0,0,0,0.0000
1777044432385,152,HYBRID_FEE_LOCALITY,0,0,323,0,0.0000,843,4,0,0,0,0,0,0.0000
1777044433007,153,HYBRID_FEE_LOCALITY,0,0,332,0,0.0000,679,3,0,0,0,0,0,0.0000
1777044434008,154,HYBRID_FEE_LOCALITY,0,0,345,0,0.0000,1009,5,0,0,0,0,0,0.0000
1777044435040,155,HYBRID_FEE_LOCALITY,0,0,358,0,0.0000,1006,6,0,0,0,0,0,0.0000
1777044436007,156,HYBRID_FEE_LOCALITY,0,0,368,0,0.0000,885,5,0,0,0,0,0,0.0000
1777044437270,157,HYBRID_FEE_LOCALITY,0,0,385,0,0.0000,1237,6,0,0,0,0,0,0.0000
1777044438013,158,HYBRID_FEE_LOCALITY,0,0,390,0,0.0000,1072,5,0,0,0,0,0,0.0000
1777044439007,159,HYBRID_FEE_LOCALITY,0,0,397,0,0.0000,1073,5,0,0,0,0,0,0.0000
1777044440006,160,HYBRID_FEE_LOCALITY,0,0,398,0,0.0000,959,4,0,0,0,0,0,0.0000
1777044441624,161,HYBRID_FEE_LOCALITY,0,0,398,0,0.0000,942,4,0,0,0,0,0,0.0000
1777044442274,162,HYBRID_FEE_LOCALITY,0,0,398,0,0.0000,830,4,0,0,0,0,0,0.0000
1777044443009,163,HYBRID_FEE_LOCALITY,0,0,398,0,0.0000,883,4,0,0,0,0,0,0.0000
1777044444466,164,HYBRID_FEE_LOCALITY,0,0,64,0,0.0000,126,1,0,0,0,0,0,0.0000
1777044445390,165,HYBRID_FEE_LOCALITY,0,0,26,0,0.0000,91,0,0,0,0,0,0,0.0000
1777044446007,166,HYBRID_FEE_LOCALITY,0,0,26,0,0.0000,65,0,0,0,0,0,0,0.0000
1777044448038,167,HYBRID_FEE_LOCALITY,0,0,5,0,0.0000,15,1,0,0,0,0,0,0.0000
1777044449840,168,HYBRID_FEE_LOCALITY,0,0,102,0,0.0000,192,1,0,0,0,0,0,0.0000
1777044449913,169,HYBRID_FEE_LOCALITY,0,0,102,0,0.0000,169,1,0,0,0,0,0,0.0000
1777044450235,170,HYBRID_FEE_LOCALITY,0,0,102,0,0.0000,205,1,0,0,0,0,0,0.0000
1777044451005,171,HYBRID_FEE_LOCALITY,0,0,102,0,0.0000,255,1,0,0,0,0,0,0.0000
1777044452004,172,HYBRID_FEE_LOCALITY,0,0,102,0,0.0000,238,1,0,0,0,0,0,0.0000
1777044453004,173,HYBRID_FEE_LOCALITY,0,0,102,0,0.0000,222,1,0,0,0,0,0,0.0000
1777044454005,174,HYBRID_FEE_LOCALITY,0,0,102,0,0.0000,224,1,0,0,0,0,0,0.0000
1777044455007,175,HYBRID_FEE_LOCALITY,0,0,102,0,0.0000,1366,4,0,0,0,0,0,0.0000
1777044456004,176,HYBRID_FEE_LOCALITY,0,0,102,0,0.0000,263,2,0,0,0,0,0,0.0000
1777044457004,177,HYBRID_FEE_LOCALITY,0,0,102,0,0.0000,207,1,0,0,0,0,0,0.0000
1777044458014,178,HYBRID_FEE_LOCALITY,0,0,102,0,0.0000,201,12,0,0,0,0,0,0.0000
1777044459005,179,HYBRID_FEE_LOCALITY,0,0,102,0,0.0000,504,2,0,0,0,0,0,0.0000
1777044460004,180,HYBRID_FEE_LOCALITY,0,0,102,0,0.0000,206,2,0,0,0,0,0,0.0000
1777044461004,181,HYBRID_FEE_LOCALITY,0,0,102,0,0.0000,198,1,0,0,0,0,0,0.0000
1777044462150,182,HYBRID_FEE_LOCALITY,0,0,102,0,0.0000,265,9,0,0,0,0,0,0.0000
1777044463003,183,HYBRID_FEE_LOCALITY,0,0,102,0,0.0000,212,2,0,0,0,0,0,0.0000
1777044465577,184,HYBRID_FEE_LOCALITY,0,0,102,0,0.0000,384,2,0,0,0,0,0,0.0000
1777044465744,185,HYBRID_FEE_LOCALITY,0,0,102,0,0.0000,260,3,0,0,0,0,0,0.0000
1777044466604,186,HYBRID_FEE_LOCALITY,0,0,102,0,0.0000,235,1,0,0,0,0,0,0.0000
1777044467004,187,HYBRID_FEE_LOCALITY,0,0,102,0,0.0000,192,2,0,0,0,0,0,0.0000
1777044468005,188,HYBRID_FEE_LOCALITY,0,0,102,0,0.0000,219,2,0,0,0,0,0,0.0000
1777044469003,189,HYBRID_FEE_LOCALITY,0,0,102,0,0.0000,234,1,0,0,0,0,0,0.0000
1777044470189,190,HYBRID_FEE_LOCALITY,0,0,102,0,0.0000,240,1,0,0,0,0,0,0.0000
1777044471003,191,HYBRID_FEE_LOCALITY,0,0,102,0,0.0000,138,1,0,0,0,0,0,0.0000
1777044472132,192,HYBRID_FEE_LOCALITY,0,0,102,0,0.0000,211,2,0,0,0,0,0,0.0000
1777044473006,193,HYBRID_FEE_LOCALITY,0,0,102,0,0.0000,195,2,0,0,0,0,0,0.0000
1777044474002,194,HYBRID_FEE_LOCALITY,0,0,41,0,0.0000,107,0,0,0,0,0,0,0.0000
1777044475003,195,HYBRID_FEE_LOCALITY,0,0,17,0,0.0000,34,0,0,0,0,0,0,0.0000
1777044476012,196,HYBRID_FEE_LOCALITY,0,0,7,0,0.0000,18,0,0,0,0,0,0,0.0000
1777044477005,197,HYBRID_FEE_LOCALITY,0,0,3,0,0.0000,10,0,0,0,0,0,0,0.0000
1777044478002,198,HYBRID_FEE_LOCALITY,0,0,2,0,0.0000,10,0,0,0,0,0,0,0.0000
1777044479720,199,HYBRID_FEE_LOCALITY,0,0,102,0,0.0000,177,1,0,0,0,0,0,0.0000
1777044480107,200,HYBRID_FEE_LOCALITY,0,0,102,0,0.0000,179,1,0,0,0,0,0,0.0000
1777044481003,201,HYBRID_FEE_LOCALITY,0,0,102,0,0.0000,182,1,0,0,0,0,0,0.0000
1777044482004,202,HYBRID_FEE_LOCALITY,0,0,102,0,0.0000,203,1,0,0,0,0,0,0.0000
1777044483002,203,HYBRID_FEE_LOCALITY,0,0,102,0,0.0000,144,1,0,0,0,0,0,0.0000
1777044484502,204,HYBRID_FEE_LOCALITY,57,0,1200,60,0.0000,1585,499,0,0,0,0,0,0.0000
1777044485721,205,HYBRID_FEE_LOCALITY,56,2973,0,60,1.0000,4324,458,1,0,8,0,8,0.0175
1777044487823,206,HYBRID_FEE_LOCALITY,58,5840,0,60,1.0000,9435,518,0,0,0,0,0,0.0000
1777044489019,207,HYBRID_FEE_LOCALITY,47,3481,0,58,1.0000,7734,482,1,0,21,0,21,0.0436
1777044489976,208,HYBRID_FEE_LOCALITY,12,806,39,58,0.9538,1560,105,0,0,0,0,0,0.0000
1777044491649,209,HYBRID_FEE_LOCALITY,1,781,50,58,0.9398,2584,19,0,0,0,0,0,0.0000
1777044492024,210,HYBRID_FEE_LOCALITY,0,758,72,58,0.9133,3173,9,0,0,0,0,0,0.0000
1777044492725,211,HYBRID_FEE_LOCALITY,0,781,49,58,0.9410,2644,7,0,0,0,0,0,0.0000
1777044493676,212,HYBRID_FEE_LOCALITY,0,782,48,58,0.9422,2797,7,0,0,0,0,0,0.0000
1777044494989,213,HYBRID_FEE_LOCALITY,0,814,16,58,0.9807,2171,7,0,0,0,0,0,0.0000
1777044495478,214,HYBRID_FEE_LOCALITY,0,800,30,58,0.9639,1729,7,0,0,0,0,0,0.0000
1777044495722,215,HYBRID_FEE_LOCALITY,0,789,41,58,0.9506,2402,7,0,0,0,0,0,0.0000
1777044496390,216,HYBRID_FEE_LOCALITY,0,744,86,56,0.8964,2047,5,0,0,0,0,0,0.0000
1777044497009,217,HYBRID_FEE_LOCALITY,0,671,159,54,0.8084,2866,6,0,0,0,0,0,0.0000
1777044498011,218,HYBRID_FEE_LOCALITY,0,763,67,54,0.9193,3678,10,0,0,0,0,0,0.0000
1777044499008,219,HYBRID_FEE_LOCALITY,0,714,116,52,0.8602,2640,7,0,0,0,0,0,0.0000
1777044500013,220,HYBRID_FEE_LOCALITY,0,556,274,44,0.6699,2525,7,0,0,0,0,0,0.0000
1777044501008,221,HYBRID_FEE_LOCALITY,0,554,276,42,0.6675,3149,7,0,0,0,0,0,0.0000
1777044502008,222,HYBRID_FEE_LOCALITY,0,332,498,30,0.4000,2240,6,0,0,0,0,0,0.0000
1777044503009,223,HYBRID_FEE_LOCALITY,0,307,523,20,0.3699,2430,7,0,0,0,0,0,0.0000
1777044504059,224,HYBRID_FEE_LOCALITY,0,216,614,14,0.2602,4325,47,1,0,35,0,35,0.7447
1777044505008,225,HYBRID_FEE_LOCALITY,0,180,650,8,0.2169,2188,6,0,0,0,0,0,0.0000
1777044506008,226,HYBRID_FEE_LOCALITY,0,37,793,2,0.0446,1541,6,0,0,0,0,0,0.0000
1777044507007,227,HYBRID_FEE_LOCALITY,0,0,830,0,0.0000,1162,5,0,0,0,0,0,0.0000
1777044508007,228,HYBRID_FEE_LOCALITY,0,0,830,0,0.0000,1089,5,0,0,0,0,0,0.0000
1777044509007,229,HYBRID_FEE_LOCALITY,0,0,830,0,0.0000,988,5,0,0,0,0,0,0.0000
1777044510009,230,HYBRID_FEE_LOCALITY,0,0,830,0,0.0000,1422,6,0,0,0,0,0,0.0000
1777044511009,231,HYBRID_FEE_LOCALITY,0,0,830,0,0.0000,1239,7,0,0,0,0,0,0.0000
1777044512007,232,HYBRID_FEE_LOCALITY,0,0,830,0,0.0000,1145,5,0,0,0,0,0,0.0000
1777044513007,233,HYBRID_FEE_LOCALITY,0,0,830,0,0.0000,1597,6,0,0,0,0,0,0.0000
1777044514009,234,HYBRID_FEE_LOCALITY,0,0,830,0,0.0000,1643,7,0,0,0,0,0,0.0000
1777044515007,235,HYBRID_FEE_LOCALITY,0,0,830,0,0.0000,1313,5,0,0,0,0,0,0.0000
1777044516014,236,HYBRID_FEE_LOCALITY,0,0,830,0,0.0000,1731,7,0,0,0,0,0,0.0000
1777044517010,237,HYBRID_FEE_LOCALITY,0,0,830,0,0.0000,1431,7,0,0,0,0,0,0.0000
1777044518697,238,HYBRID_FEE_LOCALITY,0,0,830,0,0.0000,1219,6,0,0,0,0,0,0.0000
1777044519494,239,HYBRID_FEE_LOCALITY,0,0,830,0,0.0000,1845,7,0,0,0,0,0,0.0000
1777044520218,240,HYBRID_FEE_LOCALITY,0,0,557,0,0.0000,1038,5,0,0,0,0,0,0.0000
1777044521030,241,HYBRID_FEE_LOCALITY,0,0,722,0,0.0000,1527,27,1,0,21,0,21,0.7778
1777044522012,242,HYBRID_FEE_LOCALITY,0,0,830,0,0.0000,1480,6,0,0,0,0,0,0.0000
1777044523009,243,HYBRID_FEE_LOCALITY,0,0,830,0,0.0000,1564,7,0,0,0,0,0,0.0000
1777044524012,244,HYBRID_FEE_LOCALITY,0,0,830,0,0.0000,1776,10,0,0,0,0,0,0.0000
1777044525019,245,HYBRID_FEE_LOCALITY,0,0,830,0,0.0000,1509,9,0,0,0,0,0,0.0000
1777044526007,246,HYBRID_FEE_LOCALITY,0,0,830,0,0.0000,1196,6,0,0,0,0,0,0.0000
1777044527010,247,HYBRID_FEE_LOCALITY,0,0,830,0,0.0000,1562,9,0,0,0,0,0,0.0000
1777044528011,248,HYBRID_FEE_LOCALITY,0,0,830,0,0.0000,1144,8,0,0,0,0,0,0.0000
1777044529123,249,HYBRID_FEE_LOCALITY,0,0,830,0,0.0000,1264,8,0,0,0,0,0,0.0000
1777044530008,250,HYBRID_FEE_LOCALITY,0,0,830,0,0.0000,1320,6,0,0,0,0,0,0.0000
1777044531009,251,HYBRID_FEE_LOCALITY,0,0,830,0,0.0000,1603,7,0,0,0,0,0,0.0000
1777044532632,252,HYBRID_FEE_LOCALITY,0,0,830,0,0.0000,1638,7,0,0,0,0,0,0.0000
1777044533783,253,HYBRID_FEE_LOCALITY,0,0,830,0,0.0000,1540,7,0,0,0,0,0,0.0000
1777044534023,254,HYBRID_FEE_LOCALITY,0,0,830,0,0.0000,1600,7,0,0,0,0,0,0.0000
1777044535011,255,HYBRID_FEE_LOCALITY,0,0,830,0,0.0000,1589,5,0,0,0,0,0,0.0000
1777044536007,256,HYBRID_FEE_LOCALITY,0,0,830,0,0.0000,1082,5,0,0,0,0,0,0.0000
1777044537009,257,HYBRID_FEE_LOCALITY,0,0,830,0,0.0000,1385,6,0,0,0,0,0,0.0000
1777044538010,258,HYBRID_FEE_LOCALITY,0,0,830,0,0.0000,1326,6,0,0,0,0,0,0.0000
1777044539599,259,HYBRID_FEE_LOCALITY,0,0,830,0,0.0000,1485,7,0,0,0,0,0,0.0000
1777044540009,260,HYBRID_FEE_LOCALITY,0,0,830,0,0.0000,1403,7,0,0,0,0,0,0.0000
1777044541011,261,HYBRID_FEE_LOCALITY,0,0,830,0,0.0000,2167,8,0,0,0,0,0,0.0000
1777044542007,262,HYBRID_FEE_LOCALITY,0,0,830,0,0.0000,1086,5,0,0,0,0,0,0.0000
1777044543007,263,HYBRID_FEE_LOCALITY,0,0,360,0,0.0000,715,5,0,0,0,0,0,0.0000
1777044544005,264,HYBRID_FEE_LOCALITY,0,0,176,0,0.0000,375,2,0,0,0,0,0,0.0000
1777044545003,265,HYBRID_FEE_LOCALITY,0,0,98,0,0.0000,139,1,0,0,0,0,0,0.0000
1777044546003,266,HYBRID_FEE_LOCALITY,0,0,229,0,0.0000,374,2,0,0,0,0,0,0.0000
1777044547006,267,HYBRID_FEE_LOCALITY,0,0,260,0,0.0000,545,3,0,0,0,0,0,0.0000
1777044548005,268,HYBRID_FEE_LOCALITY,0,0,286,0,0.0000,548,2,0,0,0,0,0,0.0000
1777044549006,269,HYBRID_FEE_LOCALITY,0,0,311,0,0.0000,835,4,0,0,0,0,0,0.0000
1777044550005,270,HYBRID_FEE_LOCALITY,0,0,339,0,0.0000,613,3,0,0,0,0,0,0.0000
1777044551007,271,HYBRID_FEE_LOCALITY,0,0,364,0,0.0000,975,5,0,0,0,0,0,0.0000
1777044552006,272,HYBRID_FEE_LOCALITY,0,0,387,0,0.0000,637,3,0,0,0,0,0,0.0000
1777044553012,273,HYBRID_FEE_LOCALITY,0,0,412,0,0.0000,1170,5,0,0,0,0,0,0.0000
1777044554009,274,HYBRID_FEE_LOCALITY,0,0,430,0,0.0000,644,3,0,0,0,0,0,0.0000
1777044555006,275,HYBRID_FEE_LOCALITY,0,0,454,0,0.0000,715,4,0,0,0,0,0,0.0000
1777044556012,276,HYBRID_FEE_LOCALITY,0,0,475,0,0.0000,960,4,0,0,0,0,0,0.0000
1777044557006,277,HYBRID_FEE_LOCALITY,0,0,496,0,0.0000,990,4,0,0,0,0,0,0.0000
1777044558007,278,HYBRID_FEE_LOCALITY,0,0,514,0,0.0000,936,4,0,0,0,0,0,0.0000
1777044559005,279,HYBRID_FEE_LOCALITY,0,0,223,0,0.0000,472,2,0,0,0,0,0,0.0000
1777044560002,280,HYBRID_FEE_LOCALITY,0,0,108,0,0.0000,128,0,0,0,0,0,0,0.0000
1777044561003,281,HYBRID_FEE_LOCALITY,0,0,58,0,0.0000,81,0,0,0,0,0,0,0.0000
1777044562002,282,HYBRID_FEE_LOCALITY,0,0,42,0,0.0000,56,0,0,0,0,0,0,0.0000
1777044563004,283,HYBRID_FEE_LOCALITY,0,0,156,0,0.0000,193,1,0,0,0,0,0,0.0000
1777044564006,284,HYBRID_FEE_LOCALITY,0,0,174,0,0.0000,403,2,0,0,0,0,0,0.0000
1777044565004,285,HYBRID_FEE_LOCALITY,0,0,193,0,0.0000,377,2,0,0,0,0,0,0.0000
1777044566004,286,HYBRID_FEE_LOCALITY,0,0,209,0,0.0000,378,2,0,0,0,0,0,0.0000
1777044567004,287,HYBRID_FEE_LOCALITY,0,0,226,0,0.0000,360,2,0,0,0,0,0,0.0000
1777044568277,288,HYBRID_FEE_LOCALITY,0,0,247,0,0.0000,976,5,0,0,0,0,0,0.0000
1777044569068,289,HYBRID_FEE_LOCALITY,0,0,258,0,0.0000,432,4,0,0,0,0,0,0.0000
1777044570018,290,HYBRID_FEE_LOCALITY,0,0,277,0,0.0000,442,5,0,0,0,0,0,0.0000
1777044571005,291,HYBRID_FEE_LOCALITY,0,0,291,0,0.0000,500,3,0,0,0,0,0,0.0000
1777044572006,292,HYBRID_FEE_LOCALITY,0,0,307,0,0.0000,525,3,0,0,0,0,0,0.0000
1777044573005,293,HYBRID_FEE_LOCALITY,0,0,322,0,0.0000,528,3,0,0,0,0,0,0.0000
1777044574006,294,HYBRID_FEE_LOCALITY,0,0,333,0,0.0000,622,4,0,0,0,0,0,0.0000
1777044575004,295,HYBRID_FEE_LOCALITY,0,0,143,0,0.0000,295,2,0,0,0,0,0,0.0000
1777044576142,296,HYBRID_FEE_LOCALITY,0,0,75,0,0.0000,155,2,0,0,0,0,0,0.0000
1777044577003,297,HYBRID_FEE_LOCALITY,0,0,40,0,0.0000,83,0,0,0,0,0,0,0.0000
1777044578006,298,HYBRID_FEE_LOCALITY,0,0,32,0,0.0000,63,0,0,0,0,0,0,0.0000
1777044579008,299,HYBRID_FEE_LOCALITY,0,0,145,0,0.0000,199,1,0,0,0,0,0,0.0000
1777044580012,300,HYBRID_FEE_LOCALITY,0,0,156,0,0.0000,266,2,0,0,0,0,0,0.0000
1777044581004,301,HYBRID_FEE_LOCALITY,0,0,174,0,0.0000,329,2,0,0,0,0,0,0.0000
1777044582050,302,HYBRID_FEE_LOCALITY,0,0,185,0,0.0000,341,2,0,0,0,0,0,0.0000
1777044583004,303,HYBRID_FEE_LOCALITY,0,0,197,0,0.0000,370,2,0,0,0,0,0,0.0000
1777044584005,304,HYBRID_FEE_LOCALITY,0,0,213,0,0.0000,385,3,0,0,0,0,0,0.0000
1777044585006,305,HYBRID_FEE_LOCALITY,0,0,221,0,0.0000,403,2,0,0,0,0,0,0.0000
1777044586004,306,HYBRID_FEE_LOCALITY,0,0,236,0,0.0000,368,2,0,0,0,0,0,0.0000
1777044587003,307,HYBRID_FEE_LOCALITY,0,0,248,0,0.0000,421,2,0,0,0,0,0,0.0000
1777044588005,308,HYBRID_FEE_LOCALITY,0,0,259,0,0.0000,512,2,0,0,0,0,0,0.0000
1777044589005,309,HYBRID_FEE_LOCALITY,0,0,273,0,0.0000,535,2,0,0,0,0,0,0.0000
1777044590004,310,HYBRID_FEE_LOCALITY,0,0,282,0,0.0000,750,2,0,0,0,0,0,0.0000
1777044591006,311,HYBRID_FEE_LOCALITY,0,0,291,0,0.0000,519,3,0,0,0,0,0,0.0000
1777044592007,312,HYBRID_FEE_LOCALITY,0,0,130,0,0.0000,213,1,0,0,0,0,0,0.0000
1777044593003,313,HYBRID_FEE_LOCALITY,0,0,59,0,0.0000,95,0,0,0,0,0,0,0.0000
1777044594005,314,HYBRID_FEE_LOCALITY,0,0,35,0,0.0000,63,0,0,0,0,0,0,0.0000
1777044595002,315,HYBRID_FEE_LOCALITY,0,0,23,0,0.0000,25,0,0,0,0,0,0,0.0000
1777044596004,316,HYBRID_FEE_LOCALITY,0,0,134,0,0.0000,228,1,0,0,0,0,0,0.0000
1777044597002,317,HYBRID_FEE_LOCALITY,0,0,144,0,0.0000,246,1,0,0,0,0,0,0.0000
1777044598004,318,HYBRID_FEE_LOCALITY,0,0,152,0,0.0000,288,2,0,0,0,0,0,0.0000
1777044599004,319,HYBRID_FEE_LOCALITY,0,0,161,0,0.0000,295,2,0,0,0,0,0,0.0000
1777044601577,320,HYBRID_FEE_LOCALITY,0,0,186,0,0.0000,382,2,0,0,0,0,0,0.0000
1777044601591,321,HYBRID_FEE_LOCALITY,0,0,186,0,0.0000,332,2,0,0,0,0,0,0.0000
1777044602296,322,HYBRID_FEE_LOCALITY,0,0,192,0,0.0000,352,2,0,0,0,0,0,0.0000
1777044604257,323,HYBRID_FEE_LOCALITY,0,0,214,0,0.0000,456,2,0,0,0,0,0,0.0000
1777044604431,324,HYBRID_FEE_LOCALITY,0,0,215,0,0.0000,381,2,0,0,0,0,0,0.0000
1777044605004,325,HYBRID_FEE_LOCALITY,0,0,220,0,0.0000,422,1,0,0,0,0,0,0.0000
1777044606810,326,HYBRID_FEE_LOCALITY,0,0,237,0,0.0000,414,2,0,0,0,0,0,0.0000
1777044607317,327,HYBRID_FEE_LOCALITY,0,0,238,0,0.0000,563,3,0,0,0,0,0,0.0000
1777044608281,328,HYBRID_FEE_LOCALITY,0,0,251,0,0.0000,545,3,0,0,0,0,0,0.0000
1777044609006,329,HYBRID_FEE_LOCALITY,0,0,254,0,0.0000,561,3,0,0,0,0,0,0.0000
1777044610004,330,HYBRID_FEE_LOCALITY,0,0,114,0,0.0000,197,2,0,0,0,0,0,0.0000
1777044611002,331,HYBRID_FEE_LOCALITY,0,0,51,0,0.0000,112,0,0,0,0,0,0,0.0000
1777044612002,332,HYBRID_FEE_LOCALITY,0,0,30,0,0.0000,51,0,0,0,0,0,0,0.0000
1777044613003,333,HYBRID_FEE_LOCALITY,0,0,138,0,0.0000,186,1,0,0,0,0,0,0.0000
1777044614004,334,HYBRID_FEE_LOCALITY,0,0,144,0,0.0000,212,1,0,0,0,0,0,0.0000
1777044615006,335,HYBRID_FEE_LOCALITY,0,0,152,0,0.0000,269,2,0,0,0,0,0,0.0000
1777044616004,336,HYBRID_FEE_LOCALITY,0,0,162,0,0.0000,397,2,0,0,0,0,0,0.0000
1777044617004,337,HYBRID_FEE_LOCALITY,0,0,171,0,0.0000,340,2,0,0,0,0,0,0.0000
1777044618005,338,HYBRID_FEE_LOCALITY,0,0,178,0,0.0000,403,2,0,0,0,0,0,0.0000
1777044619004,339,HYBRID_FEE_LOCALITY,0,0,185,0,0.0000,420,2,0,0,0,0,0,0.0000
1777044620004,340,HYBRID_FEE_LOCALITY,0,0,197,0,0.0000,398,2,0,0,0,0,0,0.0000
1777044621004,341,HYBRID_FEE_LOCALITY,0,0,207,0,0.0000,471,2,0,0,0,0,0,0.0000
1777044622004,342,HYBRID_FEE_LOCALITY,0,0,212,0,0.0000,435,2,0,0,0,0,0,0.0000
1777044623005,343,HYBRID_FEE_LOCALITY,0,0,219,0,0.0000,499,2,0,0,0,0,0,0.0000
1777044624004,344,HYBRID_FEE_LOCALITY,0,0,223,0,0.0000,403,2,0,0,0,0,0,0.0000
1777044625006,345,HYBRID_FEE_LOCALITY,0,0,241,0,0.0000,485,2,0,0,0,0,0,0.0000
1777044626003,346,HYBRID_FEE_LOCALITY,0,0,98,0,0.0000,185,1,0,0,0,0,0,0.0000
1777044627003,347,HYBRID_FEE_LOCALITY,0,0,45,0,0.0000,66,0,0,0,0,0,0,0.0000
1777044628003,348,HYBRID_FEE_LOCALITY,0,0,24,0,0.0000,57,0,0,0,0,0,0,0.0000
1777044629002,349,HYBRID_FEE_LOCALITY,0,0,19,0,0.0000,48,0,0,0,0,0,0,0.0000
1777044630002,350,HYBRID_FEE_LOCALITY,0,0,129,0,0.0000,151,1,0,0,0,0,0,0.0000
1777044631004,351,HYBRID_FEE_LOCALITY,0,0,132,0,0.0000,201,1,0,0,0,0,0,0.0000
1777044632103,352,HYBRID_FEE_LOCALITY,0,0,137,0,0.0000,213,1,0,0,0,0,0,0.0000
1777044633003,353,HYBRID_FEE_LOCALITY,0,0,147,0,0.0000,250,1,0,0,0,0,0,0.0000
1777044634006,354,HYBRID_FEE_LOCALITY,0,0,153,0,0.0000,328,2,0,0,0,0,0,0.0000
1777044635004,355,HYBRID_FEE_LOCALITY,0,0,160,0,0.0000,349,2,0,0,0,0,0,0.0000
1777044636005,356,HYBRID_FEE_LOCALITY,0,0,168,0,0.0000,360,2,0,0,0,0,0,0.0000
1777044637004,357,HYBRID_FEE_LOCALITY,0,0,169,0,0.0000,379,2,0,0,0,0,0,0.0000
1777044638004,358,HYBRID_FEE_LOCALITY,0,0,183,0,0.0000,336,2,0,0,0,0,0,0.0000
1777044639004,359,HYBRID_FEE_LOCALITY,0,0,188,0,0.0000,262,2,0,0,0,0,0,0.0000
1777044640005,360,HYBRID_FEE_LOCALITY,0,0,194,0,0.0000,405,2,0,0,0,0,0,0.0000
1777044641004,361,HYBRID_FEE_LOCALITY,0,0,199,0,0.0000,280,1,0,0,0,0,0,0.0000
1777044642006,362,HYBRID_FEE_LOCALITY,0,0,207,0,0.0000,389,2,0,0,0,0,0,0.0000
1777044643004,363,HYBRID_FEE_LOCALITY,0,0,215,0,0.0000,416,2,0,0,0,0,0,0.0000
1777044645549,364,HYBRID_FEE_LOCALITY,0,0,20,0,0.0000,140,1,0,0,0,0,0,0.0000
1777044645804,365,HYBRID_FEE_LOCALITY,0,0,20,0,0.0000,75,1,0,0,0,0,0,0.0000
1777044646003,366,HYBRID_FEE_LOCALITY,0,0,21,0,0.0000,76,0,0,0,0,0,0,0.0000
1777044647020,367,HYBRID_FEE_LOCALITY,0,0,14,0,0.0000,25,0,0,0,0,0,0,0.0000
1777044648003,368,HYBRID_FEE_LOCALITY,0,0,120,0,0.0000,211,1,0,0,0,0,0,0.0000
1777044649004,369,HYBRID_FEE_LOCALITY,0,0,127,0,0.0000,207,1,0,0,0,0,0,0.0000
1777044650003,370,HYBRID_FEE_LOCALITY,0,0,136,0,0.0000,221,1,0,0,0,0,0,0.0000
1777044651004,371,HYBRID_FEE_LOCALITY,0,0,141,0,0.0000,217,1,0,0,0,0,0,0.0000
1777044652005,372,HYBRID_FEE_LOCALITY,0,0,144,0,0.0000,309,2,0,0,0,0,0,0.0000
1777044653003,373,HYBRID_FEE_LOCALITY,0,0,151,0,0.0000,314,2,0,0,0,0,0,0.0000
1777044654004,374,HYBRID_FEE_LOCALITY,0,0,155,0,0.0000,325,2,0,0,0,0,0,0.0000
1777044655004,375,HYBRID_FEE_LOCALITY,0,0,167,0,0.0000,333,2,0,0,0,0,0,0.0000
1777044656004,376,HYBRID_FEE_LOCALITY,0,0,172,0,0.0000,357,2,0,0,0,0,0,0.0000
1777044657502,377,HYBRID_FEE_LOCALITY,0,0,178,0,0.0000,420,10,0,0,0,0,0,0.0000
1777044658004,378,HYBRID_FEE_LOCALITY,0,0,179,0,0.0000,400,2,0,0,0,0,0,0.0000
1777044659005,379,HYBRID_FEE_LOCALITY,0,0,183,0,0.0000,356,2,0,0,0,0,0,0.0000
1777044660011,380,HYBRID_FEE_LOCALITY,0,0,194,0,0.0000,372,2,0,0,0,0,0,0.0000
1777044661005,381,HYBRID_FEE_LOCALITY,0,0,83,0,0.0000,174,1,0,0,0,0,0,0.0000
1777044662003,382,HYBRID_FEE_LOCALITY,0,0,38,0,0.0000,78,0,0,0,0,0,0,0.0000
1777044663003,383,HYBRID_FEE_LOCALITY,0,0,20,0,0.0000,38,0,0,0,0,0,0,0.0000
1777044664004,384,HYBRID_FEE_LOCALITY,0,0,123,0,0.0000,282,1,0,0,0,0,0,0.0000
1777044665009,385,HYBRID_FEE_LOCALITY,0,0,132,0,0.0000,278,1,0,0,0,0,0,0.0000
1777044666263,386,HYBRID_FEE_LOCALITY,0,0,141,0,0.0000,233,1,0,0,0,0,0,0.0000
1777044667174,387,HYBRID_FEE_LOCALITY,0,0,143,0,0.0000,222,1,0,0,0,0,0,0.0000
1777044668004,388,HYBRID_FEE_LOCALITY,0,0,146,0,0.0000,294,2,0,0,0,0,0,0.0000
1777044669005,389,HYBRID_FEE_LOCALITY,0,0,153,0,0.0000,314,3,0,0,0,0,0,0.0000
1777044670003,390,HYBRID_FEE_LOCALITY,0,0,158,0,0.0000,324,2,0,0,0,0,0,0.0000
1777044671004,391,HYBRID_FEE_LOCALITY,0,0,161,0,0.0000,350,2,0,0,0,0,0,0.0000
1777044672004,392,HYBRID_FEE_LOCALITY,0,0,171,0,0.0000,360,2,0,0,0,0,0,0.0000
1777044673007,393,HYBRID_FEE_LOCALITY,0,0,176,0,0.0000,376,2,0,0,0,0,0,0.0000
1777044674011,394,HYBRID_FEE_LOCALITY,0,0,178,0,0.0000,358,2,0,0,0,0,0,0.0000
1777044675009,395,HYBRID_FEE_LOCALITY,0,0,181,0,0.0000,494,2,0,0,0,0,0,0.0000
1777044676004,396,HYBRID_FEE_LOCALITY,0,0,185,0,0.0000,338,2,0,0,0,0,0,0.0000
1777044677005,397,HYBRID_FEE_LOCALITY,0,0,196,0,0.0000,391,2,0,0,0,0,0,0.0000
1777044678003,398,HYBRID_FEE_LOCALITY,0,0,81,0,0.0000,174,1,0,0,0,0,0,0.0000
1777044679006,399,HYBRID_FEE_LOCALITY,0,0,39,0,0.0000,62,0,0,0,0,0,0,0.0000
1777044680002,400,HYBRID_FEE_LOCALITY,0,0,18,0,0.0000,32,0,0,0,0,0,0,0.0000
1777044681002,401,HYBRID_FEE_LOCALITY,0,0,122,0,0.0000,201,1,0,0,0,0,0,0.0000
1777044682003,402,HYBRID_FEE_LOCALITY,0,0,125,0,0.0000,196,1,0,0,0,0,0,0.0000
1777044683006,403,HYBRID_FEE_LOCALITY,0,0,133,0,0.0000,383,1,0,0,0,0,0,0.0000
1777044684003,404,HYBRID_FEE_LOCALITY,0,0,138,0,0.0000,228,1,0,0,0,0,0,0.0000
1777044685004,405,HYBRID_FEE_LOCALITY,0,0,144,0,0.0000,244,2,0,0,0,0,0,0.0000
1777044686003,406,HYBRID_FEE_LOCALITY,0,0,149,0,0.0000,250,1,0,0,0,0,0,0.0000
1777044687004,407,HYBRID_FEE_LOCALITY,0,0,151,0,0.0000,296,1,0,0,0,0,0,0.0000
1777044688004,408,HYBRID_FEE_LOCALITY,0,0,155,0,0.0000,450,2,0,0,0,0,0,0.0000
1777044689004,409,HYBRID_FEE_LOCALITY,0,0,159,0,0.0000,271,1,0,0,0,0,0,0.0000
1777044690004,410,HYBRID_FEE_LOCALITY,0,0,167,0,0.0000,292,1,0,0,0,0,0,0.0000
1777044691005,411,HYBRID_FEE_LOCALITY,0,0,173,0,0.0000,338,2,0,0,0,0,0,0.0000
1777044692789,412,HYBRID_FEE_LOCALITY,0,0,179,0,0.0000,327,10,0,0,0,0,0,0.0000
1777044693585,413,HYBRID_FEE_LOCALITY,0,0,182,0,0.0000,408,2,0,0,0,0,0,0.0000
1777044694014,414,HYBRID_FEE_LOCALITY,0,0,182,0,0.0000,395,2,0,0,0,0,0,0.0000
1777044695003,415,HYBRID_FEE_LOCALITY,0,0,77,0,0.0000,187,1,0,0,0,0,0,0.0000
1777044696002,416,HYBRID_FEE_LOCALITY,0,0,38,0,0.0000,120,1,0,0,0,0,0,0.0000
1777044697007,417,HYBRID_FEE_LOCALITY,0,0,20,0,0.0000,48,0,0,0,0,0,0,0.0000
1777044698002,418,HYBRID_FEE_LOCALITY,0,0,10,0,0.0000,17,0,0,0,0,0,0,0.0000
1777044699001,419,HYBRID_FEE_LOCALITY,0,0,9,0,0.0000,21,0,0,0,0,0,0,0.0000
1777044700003,420,HYBRID_FEE_LOCALITY,0,0,112,0,0.0000,163,1,0,0,0,0,0,0.0000
1777044701002,421,HYBRID_FEE_LOCALITY,0,0,117,0,0.0000,177,1,0,0,0,0,0,0.0000
1777044702156,422,HYBRID_FEE_LOCALITY,0,0,125,0,0.0000,245,5,0,0,0,0,0,0.0000
1777044703539,423,HYBRID_FEE_LOCALITY,0,0,128,0,0.0000,202,1,0,0,0,0,0,0.0000
1777044704004,424,HYBRID_FEE_LOCALITY,0,0,130,0,0.0000,220,1,0,0,0,0,0,0.0000
1777044705003,425,HYBRID_FEE_LOCALITY,0,0,133,0,0.0000,216,1,0,0,0,0,0,0.0000
1777044706003,426,HYBRID_FEE_LOCALITY,0,0,140,0,0.0000,306,2,0,0,0,0,0,0.0000
1777044707316,427,HYBRID_FEE_LOCALITY,0,0,145,0,0.0000,311,2,0,0,0,0,0,0.0000
1777044708005,428,HYBRID_FEE_LOCALITY,0,0,148,0,0.0000,298,2,0,0,0,0,0,0.0000
1777044709003,429,HYBRID_FEE_LOCALITY,0,0,152,0,0.0000,234,1,0,0,0,0,0,0.0000
1777044710009,430,HYBRID_FEE_LOCALITY,0,0,155,0,0.0000,296,2,0,0,0,0,0,0.0000
1777044711004,431,HYBRID_FEE_LOCALITY,0,0,160,0,0.0000,312,2,0,0,0,0,0,0.0000
1777044712004,432,HYBRID_FEE_LOCALITY,0,0,161,0,0.0000,359,2,0,0,0,0,0,0.0000
1777044713003,433,HYBRID_FEE_LOCALITY,0,0,68,0,0.0000,172,1,0,0,0,0,0,0.0000
1777044714004,434,HYBRID_FEE_LOCALITY,0,0,36,0,0.0000,85,0,0,0,0,0,0,0.0000
1777044715003,435,HYBRID_FEE_LOCALITY,0,0,17,0,0.0000,43,0,0,0,0,0,0,0.0000
1777044716002,436,HYBRID_FEE_LOCALITY,0,0,11,0,0.0000,21,0,0,0,0,0,0,0.0000
1777044717004,437,HYBRID_FEE_LOCALITY,0,0,114,0,0.0000,283,2,0,0,0,0,0,0.0000
1777044718036,438,HYBRID_FEE_LOCALITY,0,0,116,0,0.0000,198,4,0,0,0,0,0,0.0000
1777044719004,439,HYBRID_FEE_LOCALITY,0,0,120,0,0.0000,220,2,0,0,0,0,0,0.0000
1777044720011,440,HYBRID_FEE_LOCALITY,0,0,125,0,0.0000,302,2,0,0,0,0,0,0.0000
1777044722135,441,HYBRID_FEE_LOCALITY,0,0,136,0,0.0000,348,3,0,0,0,0,0,0.0000
1777044722188,442,HYBRID_FEE_LOCALITY,0,0,137,0,0.0000,328,2,0,0,0,0,0,0.0000
1777044723007,443,HYBRID_FEE_LOCALITY,0,0,139,0,0.0000,358,2,0,0,0,0,0,0.0000
1777044724005,444,HYBRID_FEE_LOCALITY,0,0,144,0,0.0000,330,2,0,0,0,0,0,0.0000
1777044725004,445,HYBRID_FEE_LOCALITY,0,0,147,0,0.0000,260,1,0,0,0,0,0,0.0000
1777044726004,446,HYBRID_FEE_LOCALITY,0,0,149,0,0.0000,318,2,0,0,0,0,0,0.0000
1777044727003,447,HYBRID_FEE_LOCALITY,0,0,153,0,0.0000,294,1,0,0,0,0,0,0.0000
1777044728005,448,HYBRID_FEE_LOCALITY,0,0,156,0,0.0000,351,2,0,0,0,0,0,0.0000
1777044729004,449,HYBRID_FEE_LOCALITY,0,0,161,0,0.0000,299,2,0,0,0,0,0,0.0000
1777044730004,450,HYBRID_FEE_LOCALITY,0,0,67,0,0.0000,138,1,0,0,0,0,0,0.0000
1777044732211,451,HYBRID_FEE_LOCALITY,0,0,8,0,0.0000,23,0,0,0,0,0,0,0.0000
1777044732723,452,HYBRID_FEE_LOCALITY,0,0,10,0,0.0000,26,0,0,0,0,0,0,0.0000
1777044733818,453,HYBRID_FEE_LOCALITY,0,0,7,0,0.0000,19,0,0,0,0,0,0,0.0000
1777044734012,454,HYBRID_FEE_LOCALITY,0,0,7,0,0.0000,16,0,0,0,0,0,0,0.0000
1777044735003,455,HYBRID_FEE_LOCALITY,0,0,109,0,0.0000,224,1,0,0,0,0,0,0.0000
1777044736004,456,HYBRID_FEE_LOCALITY,0,0,113,0,0.0000,259,1,0,0,0,0,0,0.0000
1777044737004,457,HYBRID_FEE_LOCALITY,0,0,116,0,0.0000,256,1,0,0,0,0,0,0.0000
1777044738003,458,HYBRID_FEE_LOCALITY,0,0,120,0,0.0000,256,1,0,0,0,0,0,0.0000
1777044739403,459,HYBRID_FEE_LOCALITY,0,0,129,0,0.0000,262,1,0,0,0,0,0,0.0000
1777044740003,460,HYBRID_FEE_LOCALITY,0,0,130,0,0.0000,277,1,0,0,0,0,0,0.0000
1777044741009,461,HYBRID_FEE_LOCALITY,0,0,134,0,0.0000,282,1,0,0,0,0,0,0.0000
1777044742004,462,HYBRID_FEE_LOCALITY,0,0,137,0,0.0000,318,1,0,0,0,0,0,0.0000
1777044743003,463,HYBRID_FEE_LOCALITY,0,0,140,0,0.0000,327,2,0,0,0,0,0,0.0000
1777044744003,464,HYBRID_FEE_LOCALITY,0,0,144,0,0.0000,297,1,0,0,0,0,0,0.0000
1777044745005,465,HYBRID_FEE_LOCALITY,0,0,147,0,0.0000,345,2,0,0,0,0,0,0.0000
1777044746004,466,HYBRID_FEE_LOCALITY,0,0,150,0,0.0000,348,2,0,0,0,0,0,0.0000
1777044747004,467,HYBRID_FEE_LOCALITY,0,0,152,0,0.0000,339,2,0,0,0,0,0,0.0000
1777044748024,468,HYBRID_FEE_LOCALITY,0,0,68,0,0.0000,105,0,0,0,0,0,0,0.0000
1777044749025,469,HYBRID_FEE_LOCALITY,0,0,29,0,0.0000,59,2,0,0,0,0,0,0.0000
1777044750085,470,HYBRID_FEE_LOCALITY,0,0,18,0,0.0000,37,0,0,0,0,0,0,0.0000
1777044751005,471,HYBRID_FEE_LOCALITY,0,0,11,0,0.0000,32,0,0,0,0,0,0,0.0000
1777044752143,472,HYBRID_FEE_LOCALITY,0,0,9,0,0.0000,43,0,0,0,0,0,0,0.0000
1777044753989,473,HYBRID_FEE_LOCALITY,0,0,108,0,0.0000,217,1,0,0,0,0,0,0.0000
1777044754102,474,HYBRID_FEE_LOCALITY,0,0,108,0,0.0000,213,1,0,0,0,0,0,0.0000
1777044755021,475,HYBRID_FEE_LOCALITY,0,0,110,0,0.0000,228,1,0,0,0,0,0,0.0000
1777044756017,476,HYBRID_FEE_LOCALITY,0,0,112,0,0.0000,234,1,0,0,0,0,0,0.0000
1777044757008,477,HYBRID_FEE_LOCALITY,0,0,117,0,0.0000,230,1,0,0,0,0,0,0.0000
1777044758030,478,HYBRID_FEE_LOCALITY,0,0,123,0,0.0000,243,7,0,0,0,0,0,0.0000
1777044759790,479,HYBRID_FEE_LOCALITY,0,0,127,0,0.0000,257,1,0,0,0,0,0,0.0000
1777044760016,480,HYBRID_FEE_LOCALITY,0,0,128,0,0.0000,251,1,0,0,0,0,0,0.0000
1777044761004,481,HYBRID_FEE_LOCALITY,0,0,134,0,0.0000,271,2,0,0,0,0,0,0.0000
1777044762005,482,HYBRID_FEE_LOCALITY,0,0,137,0,0.0000,278,1,0,0,0,0,0,0.0000
1777044763014,483,HYBRID_FEE_LOCALITY,0,0,138,0,0.0000,329,2,0,0,0,0,0,0.0000
1777044764007,484,HYBRID_FEE_LOCALITY,0,0,139,0,0.0000,273,1,0,0,0,0,0,0.0000
1777044765005,485,HYBRID_FEE_LOCALITY,0,0,142,0,0.0000,323,2,0,0,0,0,0,0.0000
1777044766005,486,HYBRID_FEE_LOCALITY,0,0,144,0,0.0000,299,2,0,0,0,0,0,0.0000
1777044767003,487,HYBRID_FEE_LOCALITY,0,0,62,0,0.0000,139,1,0,0,0,0,0,0.0000
1777044770025,488,HYBRID_FEE_LOCALITY,0,0,11,0,0.0000,36,0,0,0,0,0,0,0.0000
1777044770250,489,HYBRID_FEE_LOCALITY,0,0,5,0,0.0000,13,0,0,0,0,0,0,0.0000
1777044770549,490,HYBRID_FEE_LOCALITY,0,0,5,0,0.0000,18,0,0,0,0,0,0,0.0000
1777044771002,491,HYBRID_FEE_LOCALITY,0,0,8,0,0.0000,17,0,0,0,0,0,0,0.0000
1777044772006,492,HYBRID_FEE_LOCALITY,0,0,109,0,0.0000,235,2,0,0,0,0,0,0.0000
1777044773004,493,HYBRID_FEE_LOCALITY,0,0,112,0,0.0000,232,2,0,0,0,0,0,0.0000
1777044774003,494,HYBRID_FEE_LOCALITY,0,0,115,0,0.0000,182,1,0,0,0,0,0,0.0000
1777044775672,495,HYBRID_FEE_LOCALITY,0,0,118,0,0.0000,213,1,0,0,0,0,0,0.0000
1777044776004,496,HYBRID_FEE_LOCALITY,0,0,118,0,0.0000,244,1,0,0,0,0,0,0.0000
1777044777005,497,HYBRID_FEE_LOCALITY,0,0,124,0,0.0000,261,2,0,0,0,0,0,0.0000
1777044778005,498,HYBRID_FEE_LOCALITY,0,0,128,0,0.0000,286,2,0,0,0,0,0,0.0000
1777044779004,499,HYBRID_FEE_LOCALITY,0,0,133,0,0.0000,322,2,0,0,0,0,0,0.0000
1777044780006,500,HYBRID_FEE_LOCALITY,0,0,133,0,0.0000,267,2,0,0,0,0,0,0.0000
1777044781004,501,HYBRID_FEE_LOCALITY,0,0,137,0,0.0000,280,2,0,0,0,0,0,0.0000
1777044782004,502,HYBRID_FEE_LOCALITY,0,0,142,0,0.0000,299,2,0,0,0,0,0,0.0000
1777044783004,503,HYBRID_FEE_LOCALITY,0,0,145,0,0.0000,323,2,0,0,0,0,0,0.0000
1777044784004,504,HYBRID_FEE_LOCALITY,0,0,146,0,0.0000,340,2,0,0,0,0,0,0.0000
1777044785003,505,HYBRID_FEE_LOCALITY,0,0,61,0,0.0000,134,1,0,0,0,0,0,0.0000
1777044786002,506,HYBRID_FEE_LOCALITY,0,0,27,0,0.0000,98,0,0,0,0,0,0,0.0000
1777044787003,507,HYBRID_FEE_LOCALITY,0,0,14,0,0.0000,62,0,0,0,0,0,0,0.0000
1777044788003,508,HYBRID_FEE_LOCALITY,0,0,9,0,0.0000,21,0,0,0,0,0,0,0.0000
1777044790050,509,HYBRID_FEE_LOCALITY,0,0,6,0,0.0000,16,0,0,0,0,0,0,0.0000
1777044790083,510,HYBRID_FEE_LOCALITY,0,0,6,0,0.0000,13,0,0,0,0,0,0,0.0000
1777044791004,511,HYBRID_FEE_LOCALITY,0,0,109,0,0.0000,206,1,0,0,0,0,0,0.0000
1777044792013,512,HYBRID_FEE_LOCALITY,0,0,112,0,0.0000,221,1,0,0,0,0,0,0.0000
1777044793005,513,HYBRID_FEE_LOCALITY,0,0,114,0,0.0000,218,1,0,0,0,0,0,0.0000
1777044794005,514,HYBRID_FEE_LOCALITY,0,0,115,0,0.0000,263,1,0,0,0,0,0,0.0000
1777044795004,515,HYBRID_FEE_LOCALITY,0,0,116,0,0.0000,178,1,0,0,0,0,0,0.0000
1777044796195,516,HYBRID_FEE_LOCALITY,0,0,116,0,0.0000,247,1,0,0,0,0,0,0.0000
1777044797002,517,HYBRID_FEE_LOCALITY,0,0,116,0,0.0000,215,1,0,0,0,0,0,0.0000
1777044798004,518,HYBRID_FEE_LOCALITY,0,0,116,0,0.0000,233,1,0,0,0,0,0,0.0000
1777044799004,519,HYBRID_FEE_LOCALITY,0,0,116,0,0.0000,216,1,0,0,0,0,0,0.0000
1777044800004,520,HYBRID_FEE_LOCALITY,0,0,116,0,0.0000,225,1,0,0,0,0,0,0.0000
1777044801004,521,HYBRID_FEE_LOCALITY,0,0,116,0,0.0000,233,1,0,0,0,0,0,0.0000
1777044802003,522,HYBRID_FEE_LOCALITY,0,0,116,0,0.0000,232,1,0,0,0,0,0,0.0000
1777044803004,523,HYBRID_FEE_LOCALITY,0,0,47,0,0.0000,106,1,0,0,0,0,0,0.0000
1777044804002,524,HYBRID_FEE_LOCALITY,0,0,19,0,0.0000,88,0,0,0,0,0,0,0.0000
1777044805007,525,HYBRID_FEE_LOCALITY,0,0,8,0,0.0000,17,0,0,0,0,0,0,0.0000
1777044806071,526,HYBRID_FEE_LOCALITY,0,0,4,0,0.0000,13,0,0,0,0,0,0,0.0000
1777044807002,527,HYBRID_FEE_LOCALITY,0,0,2,0,0.0000,10,0,0,0,0,0,0,0.0000
1777044808003,528,HYBRID_FEE_LOCALITY,0,0,102,0,0.0000,202,1,0,0,0,0,0,0.0000
1777044809003,529,HYBRID_FEE_LOCALITY,0,0,102,0,0.0000,176,1,0,0,0,0,0,0.0000
1777044810003,530,HYBRID_FEE_LOCALITY,0,0,102,0,0.0000,176,1,0,0,0,0,0,0.0000
1777044811243,531,HYBRID_FEE_LOCALITY,0,0,102,0,0.0000,210,1,0,0,0,0,0,0.0000
1777044812004,532,HYBRID_FEE_LOCALITY,0,0,102,0,0.0000,206,1,0,0,0,0,0,0.0000
1777044813007,533,HYBRID_FEE_LOCALITY,0,0,102,0,0.0000,197,1,0,0,0,0,0,0.0000
1777044814003,534,HYBRID_FEE_LOCALITY,0,0,102,0,0.0000,158,1,0,0,0,0,0,0.0000
1777044815004,535,HYBRID_FEE_LOCALITY,0,0,102,0,0.0000,206,1,0,0,0,0,0,0.0000
1777044816003,536,HYBRID_FEE_LOCALITY,0,0,102,0,0.0000,143,1,0,0,0,0,0,0.0000
1777044817004,537,HYBRID_FEE_LOCALITY,0,0,102,0,0.0000,210,1,0,0,0,0,0,0.0000
1777044818003,538,HYBRID_FEE_LOCALITY,0,0,102,0,0.0000,428,2,0,0,0,0,0,0.0000
1777044819003,539,HYBRID_FEE_LOCALITY,0,0,102,0,0.0000,158,1,0,0,0,0,0,0.0000
1777044820004,540,HYBRID_FEE_LOCALITY,0,0,102,0,0.0000,207,1,0,0,0,0,0,0.0000
1777044821003,541,HYBRID_FEE_LOCALITY,0,0,102,0,0.0000,194,1,0,0,0,0,0,0.0000
1777044822003,542,HYBRID_FEE_LOCALITY,0,0,41,0,0.0000,92,0,0,0,0,0,0,0.0000
1777044823570,543,HYBRID_FEE_LOCALITY,0,0,7,0,0.0000,21,0,0,0,0,0,0,0.0000
1777044824675,544,HYBRID_FEE_LOCALITY,0,0,3,0,0.0000,10,0,0,0,0,0,0,0.0000
1777044825002,545,HYBRID_FEE_LOCALITY,0,0,3,0,0.0000,7,0,0,0,0,0,0,0.0000
1777044826001,546,HYBRID_FEE_LOCALITY,0,0,2,0,0.0000,8,0,0,0,0,0,0,0.0000
1777044827060,547,HYBRID_FEE_LOCALITY,0,0,102,0,0.0000,212,4,0,0,0,0,0,0.0000
1777044828047,548,HYBRID_FEE_LOCALITY,0,0,102,0,0.0000,226,2,0,0,0,0,0,0.0000
1777044829002,549,HYBRID_FEE_LOCALITY,0,0,102,0,0.0000,118,1,0,0,0,0,0,0.0000
1777044830116,550,HYBRID_FEE_LOCALITY,0,0,102,0,0.0000,180,1,0,0,0,0,0,0.0000
1777044831004,551,HYBRID_FEE_LOCALITY,0,0,102,0,0.0000,173,1,0,0,0,0,0,0.0000
1777044832222,552,HYBRID_FEE_LOCALITY,0,0,102,0,0.0000,230,1,0,0,0,0,0,0.0000
1777044833003,553,HYBRID_FEE_LOCALITY,0,0,102,0,0.0000,212,1,0,0,0,0,0,0.0000
1777044834003,554,HYBRID_FEE_LOCALITY,0,0,102,0,0.0000,311,1,0,0,0,0,0,0.0000
1777044835523,555,HYBRID_FEE_LOCALITY,0,0,102,0,0.0000,225,1,0,0,0,0,0,0.0000
1777044836641,556,HYBRID_FEE_LOCALITY,0,0,102,0,0.0000,204,2,0,0,0,0,0,0.0000
1777044837694,557,HYBRID_FEE_LOCALITY,0,0,102,0,0.0000,220,1,0,0,0,0,0,0.0000
1777044838007,558,HYBRID_FEE_LOCALITY,0,0,102,0,0.0000,211,2,0,0,0,0,0,0.0000
1777044839003,559,HYBRID_FEE_LOCALITY,0,0,41,0,0.0000,75,1,0,0,0,0,0,0.0000
1777044840004,560,HYBRID_FEE_LOCALITY,0,0,17,0,0.0000,65,0,0,0,0,0,0,0.0000
1777044841003,561,HYBRID_FEE_LOCALITY,0,0,7,0,0.0000,17,0,0,0,0,0,0,0.0000
1777044842002,562,HYBRID_FEE_LOCALITY,0,0,3,0,0.0000,10,0,0,0,0,0,0,0.0000
1777044843284,563,HYBRID_FEE_LOCALITY,0,0,1,0,0.0000,4,0,0,0,0,0,0,0.0000
1777044845720,564,HYBRID_FEE_LOCALITY,0,0,101,0,0.0000,223,1,0,0,0,0,0,0.0000
1777044846379,565,HYBRID_FEE_LOCALITY,0,0,101,0,0.0000,222,1,0,0,0,0,0,0.0000
1777044847688,566,HYBRID_FEE_LOCALITY,0,0,101,0,0.0000,218,1,0,0,0,0,0,0.0000
1777044848117,567,HYBRID_FEE_LOCALITY,0,0,101,0,0.0000,214,1,0,0,0,0,0,0.0000
1777044848555,568,HYBRID_FEE_LOCALITY,0,0,101,0,0.0000,184,1,0,0,0,0,0,0.0000
1777044849003,569,HYBRID_FEE_LOCALITY,0,0,101,0,0.0000,186,1,0,0,0,0,0,0.0000
1777044850002,570,HYBRID_FEE_LOCALITY,0,0,101,0,0.0000,182,1,0,0,0,0,0,0.0000
1777044851004,571,HYBRID_FEE_LOCALITY,0,0,101,0,0.0000,215,1,0,0,0,0,0,0.0000
1777044852003,572,HYBRID_FEE_LOCALITY,0,0,101,0,0.0000,151,1,0,0,0,0,0,0.0000
1777044853003,573,HYBRID_FEE_LOCALITY,0,0,101,0,0.0000,161,1,0,0,0,0,0,0.0000
1777044854005,574,HYBRID_FEE_LOCALITY,0,0,101,0,0.0000,194,1,0,0,0,0,0,0.0000
1777044855002,575,HYBRID_FEE_LOCALITY,0,0,101,0,0.0000,175,1,0,0,0,0,0,0.0000
1777044856004,576,HYBRID_FEE_LOCALITY,0,0,101,0,0.0000,202,1,0,0,0,0,0,0.0000
1777044857004,577,HYBRID_FEE_LOCALITY,0,0,101,0,0.0000,412,2,0,0,0,0,0,0.0000
1777044858005,578,HYBRID_FEE_LOCALITY,0,0,41,0,0.0000,74,1,0,0,0,0,0,0.0000
1777044859011,579,HYBRID_FEE_LOCALITY,0,0,17,0,0.0000,39,0,0,0,0,0,0,0.0000
1777044860494,580,HYBRID_FEE_LOCALITY,0,0,3,0,0.0000,12,0,0,0,0,0,0,0.0000
1777044861017,581,HYBRID_FEE_LOCALITY,0,0,3,0,0.0000,9,0,0,0,0,0,0,0.0000
1777044862005,582,HYBRID_FEE_LOCALITY,0,0,103,0,0.0000,175,3,0,0,0,0,0,0.0000
1777044863452,583,HYBRID_FEE_LOCALITY,0,0,103,0,0.0000,197,2,0,0,0,0,0,0.0000
1777044864005,584,HYBRID_FEE_LOCALITY,0,0,103,0,0.0000,222,1,0,0,0,0,0,0.0000
1777044865005,585,HYBRID_FEE_LOCALITY,0,0,103,0,0.0000,188,1,0,0,0,0,0,0.0000
1777044866004,586,HYBRID_FEE_LOCALITY,0,0,103,0,0.0000,180,1,0,0,0,0,0,0.0000
1777044869227,587,HYBRID_FEE_LOCALITY,0,0,103,0,0.0000,205,1,0,0,0,0,0,0.0000
1777044869357,588,HYBRID_FEE_LOCALITY,0,0,103,0,0.0000,190,1,0,0,0,0,0,0.0000
1777044869416,589,HYBRID_FEE_LOCALITY,0,0,103,0,0.0000,187,1,0,0,0,0,0,0.0000
1777044870003,590,HYBRID_FEE_LOCALITY,0,0,103,0,0.0000,202,1,0,0,0,0,0,0.0000
1777044871003,591,HYBRID_FEE_LOCALITY,0,0,103,0,0.0000,179,1,0,0,0,0,0,0.0000
1777044872004,592,HYBRID_FEE_LOCALITY,0,0,103,0,0.0000,161,1,0,0,0,0,0,0.0000
1777044873017,593,HYBRID_FEE_LOCALITY,0,0,103,0,0.0000,189,1,0,0,0,0,0,0.0000
1777044874003,594,HYBRID_FEE_LOCALITY,0,0,103,0,0.0000,161,1,0,0,0,0,0,0.0000
1777044875003,595,HYBRID_FEE_LOCALITY,0,0,103,0,0.0000,213,1,0,0,0,0,0,0.0000
1777044876522,596,HYBRID_FEE_LOCALITY,0,0,17,0,0.0000,85,0,0,0,0,0,0,0.0000
1777044878241,597,HYBRID_FEE_LOCALITY,0,0,3,0,0.0000,12,0,0,0,0,0,0,0.0000
1777044878875,598,HYBRID_FEE_LOCALITY,0,0,3,0,0.0000,11,0,0,0,0,0,0,0.0000
1777044879092,599,HYBRID_FEE_LOCALITY,0,0,3,0,0.0000,9,0,0,0,0,0,0,0.0000
1777044880001,600,HYBRID_FEE_LOCALITY,0,0,2,0,0.0000,8,0,0,0,0,0,0,0.0000
1777044881003,601,HYBRID_FEE_LOCALITY,0,0,102,0,0.0000,224,1,0,0,0,0,0,0.0000
1777044882003,602,HYBRID_FEE_LOCALITY,0,0,102,0,0.0000,176,1,0,0,0,0,0,0.0000
1777044883004,603,HYBRID_FEE_LOCALITY,0,0,102,0,0.0000,182,1,0,0,0,0,0,0.0000
1777044884003,604,HYBRID_FEE_LOCALITY,0,0,102,0,0.0000,183,1,0,0,0,0,0,0.0000
1777044885005,605,HYBRID_FEE_LOCALITY,0,0,102,0,0.0000,190,1,0,0,0,0,0,0.0000
1777044886002,606,HYBRID_FEE_LOCALITY,0,0,102,0,0.0000,182,1,0,0,0,0,0,0.0000
1777044887007,607,HYBRID_FEE_LOCALITY,0,0,102,0,0.0000,188,1,0,0,0,0,0,0.0000
1777044888082,608,HYBRID_FEE_LOCALITY,0,0,102,0,0.0000,181,1,0,0,0,0,0,0.0000
1777044889038,609,HYBRID_FEE_LOCALITY,0,0,102,0,0.0000,186,2,0,0,0,0,0,0.0000
1777044890023,610,HYBRID_FEE_LOCALITY,0,0,102,0,0.0000,175,1,0,0,0,0,0,0.0000
1777044891004,611,HYBRID_FEE_LOCALITY,0,0,102,0,0.0000,180,1,0,0,0,0,0,0.0000
1777044892003,612,HYBRID_FEE_LOCALITY,0,0,102,0,0.0000,177,1,0,0,0,0,0,0.0000
1777044893341,613,HYBRID_FEE_LOCALITY,0,0,102,0,0.0000,165,1,0,0,0,0,0,0.0000
1777044894238,614,HYBRID_FEE_LOCALITY,0,0,41,0,0.0000,79,0,0,0,0,0,0,0.0000
1777044895003,615,HYBRID_FEE_LOCALITY,0,0,41,0,0.0000,85,0,0,0,0,0,0,0.0000
1777044896004,616,HYBRID_FEE_LOCALITY,0,0,17,0,0.0000,63,0,0,0,0,0,0,0.0000
1777044897312,617,HYBRID_FEE_LOCALITY,0,0,3,0,0.0000,24,0,0,0,0,0,0,0.0000
1777044898001,618,HYBRID_FEE_LOCALITY,0,0,3,0,0.0000,11,0,0,0,0,0,0,0.0000
1777044899004,619,HYBRID_FEE_LOCALITY,0,0,103,0,0.0000,210,1,0,0,0,0,0,0.0000
1777044900482,620,HYBRID_FEE_LOCALITY,0,0,103,0,0.0000,233,1,0,0,0,0,0,0.0000
1777044901017,621,HYBRID_FEE_LOCALITY,0,0,103,0,0.0000,193,5,0,0,0,0,0,0.0000
1777044902004,622,HYBRID_FEE_LOCALITY,0,0,103,0,0.0000,169,1,0,0,0,0,0,0.0000
1777044903005,623,HYBRID_FEE_LOCALITY,0,0,103,0,0.0000,202,3,0,0,0,0,0,0.0000
1777044904005,624,HYBRID_FEE_LOCALITY,0,0,103,0,0.0000,205,1,0,0,0,0,0,0.0000
1777044905004,625,HYBRID_FEE_LOCALITY,0,0,103,0,0.0000,205,1,0,0,0,0,0,0.0000
1777044906003,626,HYBRID_FEE_LOCALITY,0,0,103,0,0.0000,207,1,0,0,0,0,0,0.0000
1777044907110,627,HYBRID_FEE_LOCALITY,0,0,103,0,0.0000,263,10,0,0,0,0,0,0.0000
1777044908757,628,HYBRID_FEE_LOCALITY,0,0,103,0,0.0000,269,2,0,0,0,0,0,0.0000
1777044909034,629,HYBRID_FEE_LOCALITY,0,0,103,0,0.0000,274,2,0,0,0,0,0,0.0000
1777044910367,630,HYBRID_FEE_LOCALITY,0,0,103,0,0.0000,244,2,0,0,0,0,0,0.0000
1777044911010,631,HYBRID_FEE_LOCALITY,0,0,103,0,0.0000,199,2,0,0,0,0,0,0.0000
1777044912004,632,HYBRID_FEE_LOCALITY,0,0,42,0,0.0000,105,1,0,0,0,0,0,0.0000
1777044913002,633,HYBRID_FEE_LOCALITY,0,0,17,0,0.0000,34,0,0,0,0,0,0,0.0000
1777044914009,634,HYBRID_FEE_LOCALITY,0,0,7,0,0.0000,20,0,0,0,0,0,0,0.0000
1777044915012,635,HYBRID_FEE_LOCALITY,0,0,3,0,0.0000,13,0,0,0,0,0,0,0.0000
1777044916024,636,HYBRID_FEE_LOCALITY,0,0,2,0,0.0000,10,0,0,0,0,0,0,0.0000
1777044917042,637,HYBRID_FEE_LOCALITY,0,0,102,0,0.0000,182,1,0,0,0,0,0,0.0000
1777044918026,638,HYBRID_FEE_LOCALITY,0,0,102,0,0.0000,205,1,0,0,0,0,0,0.0000
1777044920419,639,HYBRID_FEE_LOCALITY,0,0,102,0,0.0000,207,4,0,0,0,0,0,0.0000
1777044921170,640,HYBRID_FEE_LOCALITY,0,0,102,0,0.0000,249,3,0,0,0,0,0,0.0000
1777044921827,641,HYBRID_FEE_LOCALITY,0,0,102,0,0.0000,222,6,0,0,0,0,0,0.0000
1777044922233,642,HYBRID_FEE_LOCALITY,0,0,102,0,0.0000,259,6,0,0,0,0,0,0.0000
1777044923009,643,HYBRID_FEE_LOCALITY,0,0,102,0,0.0000,201,2,0,0,0,0,0,0.0000
1777044924005,644,HYBRID_FEE_LOCALITY,0,0,102,0,0.0000,198,2,0,0,0,0,0,0.0000
1777044925929,645,HYBRID_FEE_LOCALITY,0,0,102,0,0.0000,243,2,0,0,0,0,0,0.0000
1777044927635,646,HYBRID_FEE_LOCALITY,0,0,102,0,0.0000,228,1,0,0,0,0,0,0.0000
1777044928176,647,HYBRID_FEE_LOCALITY,0,0,102,0,0.0000,193,1,0,0,0,0,0,0.0000
1777044928520,648,HYBRID_FEE_LOCALITY,0,0,102,0,0.0000,169,1,0,0,0,0,0,0.0000
1777044931867,649,HYBRID_FEE_LOCALITY,0,0,102,0,0.0000,184,1,0,0,0,0,0,0.0000
1777044932234,650,HYBRID_FEE_LOCALITY,0,0,41,0,0.0000,87,0,0,0,0,0,0,0.0000
1777044933312,651,HYBRID_FEE_LOCALITY,0,0,17,0,0.0000,43,0,0,0,0,0,0,0.0000
1777044933887,652,HYBRID_FEE_LOCALITY,0,0,17,0,0.0000,37,0,0,0,0,0,0,0.0000
1777044934283,653,HYBRID_FEE_LOCALITY,0,0,7,0,0.0000,21,0,0,0,0,0,0,0.0000
1777044935119,654,HYBRID_FEE_LOCALITY,0,0,7,0,0.0000,17,0,0,0,0,0,0,0.0000
1777044935590,655,HYBRID_FEE_LOCALITY,0,0,107,0,0.0000,333,2,0,0,0,0,0,0.0000
1777044936005,656,HYBRID_FEE_LOCALITY,0,0,107,0,0.0000,198,1,0,0,0,0,0,0.0000
1777044937003,657,HYBRID_FEE_LOCALITY,0,0,107,0,0.0000,194,1,0,0,0,0,0,0.0000
1777044938059,658,HYBRID_FEE_LOCALITY,0,0,107,0,0.0000,162,2,0,0,0,0,0,0.0000
1777044939003,659,HYBRID_FEE_LOCALITY,0,0,107,0,0.0000,192,1,0,0,0,0,0,0.0000
1777044940142,660,HYBRID_FEE_LOCALITY,0,0,107,0,0.0000,224,1,0,0,0,0,0,0.0000
1777044941003,661,HYBRID_FEE_LOCALITY,0,0,107,0,0.0000,145,1,0,0,0,0,0,0.0000
1777044942002,662,HYBRID_FEE_LOCALITY,0,0,107,0,0.0000,180,1,0,0,0,0,0,0.0000
1777044943014,663,HYBRID_FEE_LOCALITY,0,0,107,0,0.0000,198,1,0,0,0,0,0,0.0000
1777044944033,664,HYBRID_FEE_LOCALITY,0,0,107,0,0.0000,205,1,0,0,0,0,0,0.0000
1777044945024,665,HYBRID_FEE_LOCALITY,0,0,107,0,0.0000,304,1,0,0,0,0,0,0.0000
1777044946007,666,HYBRID_FEE_LOCALITY,0,0,107,0,0.0000,179,1,0,0,0,0,0,0.0000
1777044947003,667,HYBRID_FEE_LOCALITY,0,0,107,0,0.0000,173,1,0,0,0,0,0,0.0000
1777044948785,668,HYBRID_FEE_LOCALITY,0,0,18,0,0.0000,31,0,0,0,0,0,0,0.0000
1777044949233,669,HYBRID_FEE_LOCALITY,0,0,8,0,0.0000,26,0,0,0,0,0,0,0.0000
1777044950004,670,HYBRID_FEE_LOCALITY,0,0,8,0,0.0000,18,0,0,0,0,0,0,0.0000
1777044951003,671,HYBRID_FEE_LOCALITY,0,0,4,0,0.0000,11,0,0,0,0,0,0,0.0000
1777044952003,672,HYBRID_FEE_LOCALITY,0,0,2,0,0.0000,11,0,0,0,0,0,0,0.0000
1777044953004,673,HYBRID_FEE_LOCALITY,0,0,102,0,0.0000,163,1,0,0,0,0,0,0.0000
1777044954003,674,HYBRID_FEE_LOCALITY,0,0,102,0,0.0000,200,1,0,0,0,0,0,0.0000
1777044955004,675,HYBRID_FEE_LOCALITY,0,0,102,0,0.0000,200,1,0,0,0,0,0,0.0000
1777044956004,676,HYBRID_FEE_LOCALITY,0,0,102,0,0.0000,198,1,0,0,0,0,0,0.0000
1777044957005,677,HYBRID_FEE_LOCALITY,0,0,102,0,0.0000,188,1,0,0,0,0,0,0.0000
1777044958004,678,HYBRID_FEE_LOCALITY,0,0,102,0,0.0000,192,1,0,0,0,0,0,0.0000
1777044959012,679,HYBRID_FEE_LOCALITY,0,0,102,0,0.0000,195,1,0,0,0,0,0,0.0000
1777044960003,680,HYBRID_FEE_LOCALITY,0,0,102,0,0.0000,175,1,0,0,0,0,0,0.0000
1777044961003,681,HYBRID_FEE_LOCALITY,0,0,102,0,0.0000,198,1,0,0,0,0,0,0.0000
1777044962003,682,HYBRID_FEE_LOCALITY,0,0,102,0,0.0000,192,1,0,0,0,0,0,0.0000
1777044963282,683,HYBRID_FEE_LOCALITY,0,0,102,0,0.0000,195,1,0,0,0,0,0,0.0000
1777044964031,684,HYBRID_FEE_LOCALITY,0,0,102,0,0.0000,194,1,0,0,0,0,0,0.0000
