variant,run,gen,pause_ms
last_wsa_lass75,4,2,11.41
last_wsa_lass75,4,2,18.02
last_wsa_lass75,4,0,40.31
last_wsa_lass75,4,1,195.16
last_wsa_lass75,4,1,17.38
last_wsa_lass75,4,0,252.11
last_wsa_lass75,4,1,635.64
last_wsa_lass75,4,1,117.07
last_wsa_lass75,4,0,358.76
last_wsa_lass75,4,0,199.55
last_wsa_lass75,4,2,1240.36
last_wsa_lass75,4,0,365.42
last_wsa_lass75,4,0,351.27
last_wsa_lass75,4,0,29.95
last_wsa_lass75,4,1,602.61
last_wsa_lass75,4,0,202.77
last_wsa_lass75,4,0,421.86
last_wsa_lass75,4,0,538.07
last_wsa_lass75,4,0,433.07
last_wsa_lass75,4,0,308.86
last_wsa_lass75,4,2,6603.03
last_wsa_lass75,4,0,1772.07
last_wsa_lass75,4,0,1130.30
last_wsa_lass75,4,1,2477.28
